Feature,Importance
GPA,0.6357861969925769
Absences,0.25205312709596983
StudyTimeWeekly,0.046012844580878696
ParentalSupport,0.022003547322399713
Tutoring,0.010350071292066347
ParentalEducation,0.008704796698514585
Ethnicity,0.004702928894301937
Gender,0.004037339900292464
Sports,0.003938267014649126
Music,0.003918338868204558
Age,0.0038307852114783476
Extracurricular,0.003300078601593565
Volunteering,0.0013616775270739602
